siren,statutDiffusionUniteLegale,unitePurgeeUniteLegale,dateCreationUniteLegale,sigleUniteLegale,sexeUniteLegale,prenom1UniteLegale,prenom2UniteLegale,prenom3UniteLegale,prenom4UniteLegale,prenomUsuelUniteLegale,pseudonymeUniteLegale,identifiantAssociationUniteLegale,trancheEffectifsUniteLegale,anneeEffectifsUniteLegale,dateDernierTraitementUniteLegale,nombrePeriodesUniteLegale,categorieEntreprise,anneeCategorieEntreprise,dateDebut,etatAdministratifUniteLegale,nomUniteLegale,nomUsageUniteLegale,denominationUniteLegale,denominationUsuelle1UniteLegale,denominationUsuelle2UniteLegale,denominationUsuelle3UniteLegale,categorieJuridiqueUniteLegale,activitePrincipaleUniteLegale,nomenclatureActivitePrincipaleUniteLegale,nicSiegeUniteLegale,economieSocialeSolidaireUniteLegale,societeMissionUniteLegale,caractereEmployeurUniteLegale
038995593,O,,1995-12-25,,,,,,,,,,,,2024-03-22 14:26:06,2,,,2008-01-01,A,,,FONDATION ROTHSCHILD,,,,9300,81.10Z,NAFRev2,00019,,,
039084561,O,,1995-12-25,,,,,,,,,,01,2022.0,2024-03-22 14:26:06,5,PME,2022.0,2016-01-01,A,,,FONDATION MUSEE CLEMENCEAU,,,,9300,91.02Z,NAFRev2,00016,O,,
300427366,O,true,1900-01-01,,,,,,,,,,,,2024-03-22 14:26:06,3,,,2008-01-01,A,,,ASSOC EDUCATION POPULAIRE,,,,9210,85.59B,NAFRev2,00012,,,
300483146,O,,1987-10-28,,,,,,,,,,,,2024-03-22 14:26:06,6,,,2012-08-01,A,,,CENTRE MEDICO PSYCHO PEDAGOGIQUE,,,,9210,86.90F,NAFRev2,00035,,,
300846177,O,,1900-01-01,,,,,,,,,,,,2024-03-22 14:26:06,3,,,2008-01-01,A,,,EDUCATION POPULAIRE DU FAUBOURG VOSGES,,,,9210,55.20Z,NAFRev2,00016,,,
